{
    "loss": 0.6510999798774719,
    "accuracy": 0.9224137663841248
}