{
    "loss": 9.315197944641113,
    "accuracy": 0.5258620977401733
}